.08862635699430618,-.14554615974516083,.08402443415870016,.09075774252897692,.21226093455196174,-.42823739505276914,.20301506881874862,.1800528776135014,-.2765356385018677,-.10532819686009783
-.017675728516329862,-.03369433273636815,.00484803383009387,-.15443307772904175,.14347582080293003,-.2910326663200236,-.20064109531611077,.10093476850938768,.13011635173034553,.16083252894233938
.15439974028982661,-.13157926797749156,.1811106125400592,.14018458617248292,.1200564064550886,-.12055396865122273,-.35336731153741335,-.185806440201641,.17510795915560654,.16526298581507548
-.16839579088827575,.1619198492171883,-.15277134457819358,-.04272354686913544,.16002648621601953,-.08525669695993913,-.104822400149919,-.0944461157859958,-.10870565356305742,.171084112936523
.04085855415255275,.08805251751761996,-.10795611975338418,.12526991632530904,-.604046917429425,.23875350790421201,-.11745863497685204,.1943216762216886,.027836064648873508,.013725188809457379
.11516934795723661,.020134991618675945,.09780100825892298,-.07067575365011372,.14688096560561975,.0325793534860302,.03198082121448767,-.007724644346362509,-.34853252047357147,-.026823942493961913
-.12912584095812454,.046760176383300524,.08721856385446705,.09693793806261077,-.05647636438477559,.13857641734516027,.11276702293640686,-.3812981564182619,.11781055618615391,-.13336531364581458
.07009096360862295,.21475379542585232,.1206682192624644,.20834476707117333,-.0060656220887174706,-.4366546209418995,-.10836361530624977,.2388133004848607,-.059772312765613046,-.2275738909146578
.010052441795495741,.14921443873306975,.019543869362579444,-.25573451424694355,.07987955157834797,.0868298069818484,.11049961157427,.13558263622782174,.13252285561747867,-.18050526867394548
.1983129076218956,-.21149113566619082,.11579021204749529,-.0657896600679825,-.6131788568824074,.16939114887216078,-.19691700406258253,.17663086583388365,.19280149733063878,.15277800982591838
.10458117144541658,.04695160163912517,-.0312349110263393,-.17573225514027824,.11463109615502994,-.18019515855252555,.134466632112728,.022602831414398578,-.2165360785415033,.11193816170533577
.13708258309996427,-.00019385819782837105,.09019866410041237,.08672441404339226,-.3979576750908995,.10054404077677297,.11908591604268758,-.11811273082135286,.11209538455234987,-.18533102402635163
-.3139123351801699,.08134741556201522,-.41257222817898553,.12712135474004374,.15083968892525518,.1557921766587956,.026082332832284057,-.11835874470182013,.1690735593060275,.1547500409711573
.018721567225915572,-.30217486385738795,.11304078513517775,-.08068420107670096,.16535345032331203,-.006496955709251299,.17053755970735582,-.09791295444649144,-.10516778481856714,.20905360834829625
.06615557175759827,-.1491685515175091,.1961815190948875,.035759122541286235,-.2001912285913373,-.002658737975879814,.03179827540067781,.19968615919027613,-.09705019288827363,-.03526915952163875
-.23475761074314874,.20679505800300227,.2149910361331109,.20718107542967842,-.17569034662144611,-.01711969567084111,.015552633194723192,.20703471694694833,-.1178388922760171,-.3350555798616098
-.09034915608028685,.05870680147787524,-.04187359021903466,.1348429968930281,-.05639356385915192,.012180280490930962,-.25735872768175205,.14633757894119967,-.1936573851572375,.13543634370745763
-.016133881788297316,.27139587069328575,.284770475060721,-.03441967486900516,-.5898860430202939,.1345037112322136,.05151441969448739,.2402889845110559,-.11984012837370743,-.18865772240487744
.14204371475671937,-.04306706675820297,.08593986728965644,.04604518910115054,-.02978253199805132,.17132849289196533,-.20465359661494978,.20451103455544464,-.3863825489578373,.09362859276588344
-.12242160369304503,.23214265627536868,-.2811634280841813,.18929368758323745,.21616738709187228,-.5573578175303592,-.20124582442377684,.1953964758407341,.19309473401386779,.20771003895698364
.09794859420924688,-.1223823552769596,-.14709644224678908,.09945589041791017,-.11124079337774455,.1527912737586903,.16439973996233176,-.05065282121255798,-.08339903424746907,.13119269306909576
.10524762055164968,.17280717231717083,.0002612214881517113,-.08694570351921614,-.06133829427113088,.12331787749260897,.15624011087086506,-.3721476391929254,.0759587137742738,-.1685390968107598
-.2674679964020462,.17069089726038192,.14209365266412144,.04723954794707199,-.03522338195606491,.05112333609668465,-.032980127979917756,.11343576879173632,-.1254468870927046,.016247468313170543
.12328277787179677,.10297735135281946,.038199765214987566,.18148980399666303,.1177862461968633,.031954727891563325,.09005010232009099,-.16909682311176416,-.12463460360988898,-.227553020294724
.09463868304227746,-.0483879841583451,.1354793179101182,.008616947609285103,-.16301091386117286,-.07301288907491188,.1052197287194385,.11183738251222979,-.054749570515957566,-.23148790588559334
.11221224339631719,.16034050745785028,.15458040774269982,-.07230399886165605,-.0019090173460479354,-.050199529895264425,.14423068258266697,.018111617757050426,.15477190994475704,-.3128908922291316
.03196987541601248,.09886864087881629,-.013300028536487563,.014330887740105871,.14329207472541966,-.10670701719856385,-.21075834446662714,.138590267720414,-.42130367209345804,.1586060706325494
-.23993659036300222,.12111730117481569,-.12367149940914518,-.17804477870717397,.17731929311537223,-.055963164508543564,.07865245092335522,-.09732230153962092,.04979185141339707,.1515800888131432
-.06608284665498589,.17347481570963177,.05873801253090131,.14668751002964797,-.1426764010284059,.10528264170358921,-.20052402270577308,-.058057846920009246,.01831089134484821,.024943943131337885
-.008335633189796758,-.05086363590951967,.16102540129033324,.0186842754764612,.14741464697278922,.17595204982304527,-.15238839203656732,.08855892965436975,-.19445517082472802,-.00811983135721788
.10654717978971454,-.17053161780770273,.05212144979434679,.11261441582178394,-.14720626889863356,.12250966875628913,.08770407056503096,.10038948665284378,-.15952848179147125,-.024798903121996924
-.012222460439190109,.2991155073962922,.024246270741863078,.07037243716108876,.2635558370480111,-.6715779783116925,.11001103949378527,-.23373323794046527,-.00837695796584483,-.22642955784576907
.18012663689072467,.09687563685187395,.2478813050425684,.26307718479669934,-.7600594459432569,-.013111869026364855,-.042134403638447185,.2124489172400371,.2442215751899498,-.16934865908662886
.20475474493230644,-.27705866622496245,.17810898040954973,-.0978911040163917,-.07325102552722486,.09387679795703456,.06132766883552781,.21281885930690722,-.326359219003098,.16715009191328759
-.1910106398605569,.1083552859906363,.17913607304103174,.18839444053674553,-.014803871634988608,-.13596821118485325,-.13541447751453012,.19133751044643305,-.01085023349668523,.021767910186396133
.1362320234899729,-.1301310296814407,-.09219080982165784,-.0609903559811482,-.005773342141369608,.10728301912573862,.13039167554463119,.14619295117874534,.06488560493043638,-.16684191940441948
-.06517571276007328,.16118128626659547,.10016783060073253,-.06493367173194481,.11480239724642102,-.001945479345976794,.165995953794557,-.23635477079347803,-.1367273785413401,-.09529259605131804
.11086926634388104,.17399885493699713,-.1493838098920588,.022032047253294124,-.004607485636031861,-.06631378947065326,.11293682728742407,.03377472188299405,-.22269650054351758,-.10264361474397012
-.03386487281826842,.12016664770811983,.1929163170029989,-.14478116232229662,.15473567659439957,-.08849695811589509,-.23918354868859001,.21744817387477727,-.16074405107454404,-.06674871687190899
.04302704462582511,-9021513889473752e-20,.019127873101197984,.11373379784692751,.11260824821357625,-.09810492013147452,.024788510019452696,-.18770066490820833,-.15167038060951166,-.15692081704743488
.08335804865350382,.15889934836760466,-.07599218186315117,-.09902228748579152,.07736488822748455,-.10561742880005824,.04968371887845122,.030207557502335232,-.23064513311441462,.0024872112653498857
-.40586524127621615,-.1774097750681517,-.48531222787519646,.21398664866016817,.2585327303766225,.37346573228750535,.3774516036240419,-.7311859174469689,.023358008488530056,.4580335940197538
.14202894518764264,.06603096014333998,-.05648020250576131,.10338386876801556,-.11774485130476509,.1317821972456937,.16597616918818106,-.3131003398588188,.1250131618440805,-.28143258477290994
.15570579982244212,-.04719184366054413,.19229858127309662,.11570320540931482,-.2542515325540541,-.08899353113982446,-.16559373322548918,.14645971528817536,-.1067832964513583,.09252323091536108
.18960009636194172,.17914646943259746,-.3441487704318628,-.3274212423778594,-.02265231646800534,.05579085549302223,.14508530429702268,.18272584513506074,-.08155808872969852,.1692406030252368
.05416700426702117,.11127554380846065,.13818487357151166,-.03968247430404033,-.04027778747280521,.022718743558678377,-.2617657902398594,.16009617714038052,-.18285832131944904,-.06550398068488267
-.15234160206441028,.01456944569450624,.08670915596398832,.07329925583805534,-.14265192201279908,-.006880311198591605,.008862147541725703,-.12451062926265732,.10154429191491897,.025376180086560424
.14985238060557,-.27384150145531144,.10420761481173871,.07499802840055877,-.1956179784049199,.1176628347611938,-.03727597984267815,-.1289183146525901,-.02182507408638954,.13273763923412055
-.0044406154260497556,.13599324367785134,.058969613824141356,-.08532411992110675,.13830350624427148,-.008515740793808957,-.0782961337018479,.06735077347145972,-.08096874281273943,-.1090159156793441
-.10230589368891779,.07185983571676369,-.15367120437979898,.19009948404427407,.13174520959703004,.19308784663030906,-.2179815967762861,-.07218447494645253,-.24517975481213522,.19888328684568365
-.10003242314124962,.18263874019109283,.040667668694122715,.03702912148246461,.1712035067869337,-.028762438955655067,-.3446869173010341,.20954149864077676,-.17749328709872836,.1883805640235991
-.04876596526200096,-.17032305129939126,-.1506083732222709,.19674269215632673,-.11570512528499667,.21683730200889725,.1937649296275531,-.2841543408713999,.22452447236171016,.20468300150219296
-.08570631099985752,-.03315231537781043,.18429239607750642,.17218997710022074,.16229876681955066,-.1376061314015819,.05073186708211263,.019901886818549847,-.02776383049172974,-.16452330436305873
.004717242994137663,.21333766644560098,.18931205568406909,-.261989927897598,-.3254710840250527,.03534874362287412,-.1338296528115118,.23360342905534612,.04994867718127808,.0850078344867428
.12874618176944921,.08576610099439115,.04351702558020345,-.12831562598796695,-.07241355341329656,-.01767281157528162,-.08245398425493992,.1692681756338847,-.12288661134036388,.055260906331344284
.07097605368180343,.06208331703408656,-.016386749164528647,.10752508226866998,.010338827478887739,.1812911434506934,-.2506911269081142,.17440105969034458,-.25327320425270755,.16099269896092347
-.31935404340199924,.11005532283268885,.12315671338622,.1654455016366648,-.19967720793710483,.12076851718882445,-.1074247818616544,-.15400194937270476,.1056830016372296,-.15172117259306908
-.09706020505508131,.16706496802807838,-.11217748977686368,-.31627038784798067,.006214649155861613,.0817839091197748,-.05048077287705462,.1690726038322432,-.0014482508288550773,.054680666443480665
-.024993318704222424,-.024572095398289924,-.02965272253446936,.18329095029945333,-.06002926922811516,.1614224381275491,-.24368610377167013,.17273790343552686,-.1217672777918239,.16786988702888592
.13128499031105828,-.021725562619452674,.12825188102853322,.12180808429415459,.11436115993272036,-.06445787102407251,.016459813571549055,-.1545377876569451,-.016237505739834967,.029205206593646088
.036967293716592214,-.21833835251981637,.11633927790795047,-.157939448319243,.1675569367895426,-.00805840916281412,.18061025818604257,.16091686851515774,-.35952071614280134,.1860290301443266
.1654231644133993,-.02645115575243776,-.02972663088870906,.03347143211177254,-.2723203344961956,.16328940878194434,.03751354510552018,.17257725902597143,.05574903532606923,-.029462398357370977
.2063735370819868,.21074229083143428,.17038607748596243,-.47778967275235035,-.047911013478110685,-.39558038397575124,.14331681541960406,.1791215040503737,.07435450135522546,.12606196686296128
.20693140960891623,-.09630059527650714,-.042401052715938206,.07384284117650074,-.32679239964706175,.19644578895317188,.21363713795894299,.07505747627909017,.0041173397315693505,-.0789854834012063
.17434901373525105,-.24766873209587406,.1542869474814494,.12742814440215586,-.3374022338790944,.13370036051026377,-.048332957465149456,-.05834248244980944,.15417092014049746,.12243030555252805
.21584066525845444,-.3336503399963019,.12524094337462338,-.3183976370553394,.12614712724212468,.17833626625997973,.07199252457706626,.05510757510707735,-.011466985191548106,-.14677033979286713
.09114246605856895,-.2840197494925456,.07003242057614933,.07466221954495467,-.1196105906578407,-.09163072891675761,.11087012708949306,-.11759758916302772,.1179524042096006,.05771901592255594
-.22558205834962333,.19207985090436216,-.07168243070795757,.25351868100467256,-.1368042605116008,.24768154638839016,-.07758681077571614,-.2271565450730257,.02343301893457052,.21163246795815208
-.1720644895233396,.3988434546105916,-.05246424252788323,.09437852865479662,.38044234775684554,-.3634369375852741,-.02638541715666927,-.13366260171213828,-.34421251121156404,.2998384186039126
.24259919255175466,-.16470886689165792,-.21410397965057137,-.9821654470395594,.2112578950110162,.29621662798453674,.09910146371026149,.24303049981103364,.2441951238513554,-.05937854568056026
-.14702770519669223,.5296252806996389,.08857168827491414,-.06705789437607886,-.5956838305230217,.31750478239439334,.074301382992758,-.2525101318237888,.10686991728252672,.036356909033904025
-.3922681520195962,.044192799589359025,-.0765904493613316,.1832643201882395,-.13574967063203094,.18369134046137833,-.13350636700203158,-.040959648249319414,-.16576654622236317,.13220287953307908
-.17052691792511915,.3339842986166986,.23008312292529878,.26152035617658603,-.7325834940381359,.24535859193193996,-.1034718859452787,.20717359362755655,-.14608533544850202,.0018452077954493023
-.05154794114290462,-.018191443778239898,-.19403125170744412,.17064806176703037,-.26370798293843933,.1881794950402279,.18672711992514987,-.30489227592802814,.07483610809265051,-.03667296252660769
-.1963741275393689,.2110360470025844,-.04340339036365997,-.07598141675907696,.20032306171758282,-.1280014549229799,-.1418590757352345,.19352644732605914,-.18948942719909695,.20025167267942792
-.16517334539741857,.1882968577399824,-.11755994253572442,-.04725779377894569,.16743936975529194,-.056929596454673034,-.06175962704914809,.18333545703066625,-.23950548541644945,.08509181751206384
-.051763349398262576,.27733726070010234,-.14745531419396668,-.022356086320613654,.03308511606932424,-.11376241829078158,.014764678492500039,.19144749591419938,-.10160050824276154,-.2140874577398332
-.12815453574018462,-.11509794556958255,.12187324781247671,.08892526834016987,.08153121195023207,-.03651684190930205,-.0390943624228951,.14742747285906663,.0047581264641099715,-.07046488361962011
.053601519583174904,.0463786129517909,-.20322442666228568,.1728494397104352,-.11184610452311242,.021819425515348326,.08026405166069772,.1680046481096385,-.12895986793036418,-.008174544926113868
-.16315301317638664,.1484478942118408,.1486649026793303,-.037324854452298405,.11896028922451513,-.008239540441703367,.1482135456995594,.1535023948095389,-.11548151827976916,-.2383647673453462
.16062813621517008,-.017179058371650537,-.22159910156981952,.08397878586064986,-.10250061229711749,.18527944295382776,.20706917637672692,-.29505831308481584,.17113951720523624,-.10171735724455072
-.1949835974251176,.13548112073231644,-.02668067144164283,.04050387748250791,-.05027228495709732,.1680491362930373,.18216690520941858,.03222409037570256,.18810697954207395,-.133036044675998
-.12956089038785412,.2723121594084905,.23706580209838224,.21867708752860876,-.5175467525197291,.17124535286159603,.14194050788969842,.054933298769111114,.03807104528268229,-.400212272006804
.08725668815590694,.04169965810332585,-.1755442600349992,-.0800220282083784,.00913137010364067,.03641226749172265,.09149050648544942,.013628944886348889,-.181432885568537,-.12507560918557314
-.07280057762069785,.12553656220118983,.12564973396292967,-.10906574868852321,.1328795864031578,.040800590470389024,.1311545623424437,-.05133045691489061,-.19070465691437608,-.21732517306110086
-.11138805214595689,-.23702918888326638,.13880089746075955,.02818506993667529,.02946446623004942,-.09430994740003505,.16241085933400853,.11202851966269785,-.055083341907976154,-.0234018860663966
.03371886031806825,-.14449041386692957,.1208976553038689,.09075660666319944,.1059085010572023,.05334546162664977,.05852738133073215,.06170566056017464,-.3003283581660155,-.0032304227113271146
.03593744763382695,.1417736183935486,-.19047725773510782,.08502031170686132,.1274804255468386,-.08688751578080034,-.20300437500064633,.06705499312513409,.010964767811400324,.11883200744023821
-.16238761637733676,-.12545057968203283,.07451222776867172,.15549627508906513,.1148313204260409,.16324432741002054,.16635881623577015,-.3520272567983261,-.23095902676078517,.17281507000267468
-.07456748020662131,-.043742408426446396,.1116845664994463,-.08895904825438179,.09597160322439413,.18236480462176133,.11976626236335283,-.09160573720350185,-.17309818669008512,-.1547760274917432
.16539467540825628,-.2765495456941851,-.12671330042513348,-.07594779924559932,.08787166267346372,.12174912123544336,.1569968863282135,.14122233359276376,-.20613784232436166,.11871716852132148
-.1717693298425085,.23030304625702558,.14670639704221825,.012391129868789187,.1640203649416674,.2902819211981514,.21719699401720405,-.32385938322383956,-.0043908447518872734,-.6418608332908209
.008172211480433046,.10083238205053241,.0883847789381395,.1416070702479683,-.12617635599899385,.17215589988492147,.11305685811679923,-.20039752883795112,-.16574356068638316,-.10099884460449329
-.2236009863067837,-.2701382091520152,-.07759947306300247,.020541572346918294,.14177197846310668,.1092814908495723,.07335872790528133,-.053177452090336266,.12458933336594098,.12821240588982907
-.1999855046485137,.0651425279921809,.08954949453884907,.1099877232838107,.006380986761957092,-.0985459374112447,.07564802160789708,.010576532087030813,.02142437429014014,-.2817294254751341
-.02001805103240862,.09219029051596155,.09982304905185733,.05888601896216068,.15505449882173575,-.22730942460291598,.14984056896677259,-.0164710896504839,-.12398384130644481,-.033721181511664616
-.19525179986158056,.21153349485358985,.17054730873336918,-.09428323438550877,-.00974933054322743,.06828391014072409,.10942210698768196,-.006797559548376811,.030997026590420907,-.3516277962056296
.14757515508123312,-.2460256241760743,.0051893093357936616,.12479317036184004,-.07182630741848568,.09302872519141481,.15565000481850522,-.4137390384202467,-.01924875385538867,-.015154664810044446
-.0283681851327656,.17143433675237538,.009780489897936449,.19154812821960412,.04858715462530243,-.3017066924723424,-.15874713318763845,.17278326261581878,-.3108604732375771,.1208269214169046
-.13217008847882494,.17046477299025511,.20331455743894722,.05527495009554694,-.1914814131752193,-.006994308343829119,-.021236423164004783,.15984408201686243,-.21380687205505264,-.09962217064370578
.2325414205466814,.39949788519108115,.3713900369205334,-.08092548743929127,-.6109134984940978,-.12962248653577205,.32314682634071507,.20649348954770116,.07058023918701298,-.48029087216570804
-.06438243935468932,-.15761940192631216,.11392882190856342,.15948322236593934,.1076257767403951,.1719861853231462,-.3374972405547119,.1362983392985708,-.3027637242148744,.14288901374312182
.009126209737868771,-.07625051588135859,-.07879406283062987,-.07139281001607102,-.14223486642340674,.17288664396643552,-.04432657749161567,.15947180655041004,-.04104544483157401,-.04660309402796239
-.14558720838171516,.1534719360476295,-.20030853592221606,-.15857335566711148,.16596877919140854,-.13905111978408394,.026666390920187445,-.004168003081206807,.1649129099183236,.15142903738008262
-.12447800648358551,.1990686203846792,-.1338576175535698,.016600038034850068,.22210421707145145,-.19429832343455447,-.2217623322065641,.10712335967314546,-.1154523705151303,.20073017553456582
.13551730951096955,-.46249083366600474,.06817522855837915,-.06588971871866685,.15079529971138597,.11633978257257584,.0492907658340062,.15328523397003724,-.4051018499769406,.13647808157358812
.1824587021788871,.15832439621537,-.046844618706634256,-.014464041516005825,.11873402363619931,-.1698458603546265,.02726578004547543,-.22538612944923175,.13551520581281712,-.03536522213563437
-.18644610620820973,-.07176387126228662,.010768672874507145,.23383526872609528,.17391893780474732,-.021774177594892488,-.1602808096844704,.22600436799304585,-.2385606448826251,.24127127639097803
-.4287449182489672,.14043536651605634,.14676996102247297,-.1623582109486932,.1596450560496227,.04143470448758629,.11288896207850323,.11288866296775725,-.18925717452839094,-.30230625772571734
.15990918047363029,.31941697281436954,.030083619647091234,.03311787227675308,.2222781987473595,-.8524367031937676,-.14753043611863084,.31033571627283035,-.09224151326474614,.25847564982495586
-.2888602883562426,.09260972547266823,-.05297192725529607,.10896441353858372,-.05926838184761732,.08083611407852283,.009343109624078095,.07777756467747221,.06831852942563695,-.10310690838152267
-.27168653502090306,.21252691204333693,-.14864228793203368,-.010702134496436672,.2691998105618823,.05928994287777242,-.36105962033999894,.1965706211278317,-.18407640629282726,.2523074213410011
-.14323758392551067,.07545420042019291,-.08174600477487573,-.005610757395398457,.033061898848523584,.12037208075770524,.10655491415318581,-.05868295076192884,-.10489209362394332,.024674510894552994
-.05194342745029248,.1815913673908397,.21005520971099123,.10605870112601916,-.01728719876327594,-.16887249672566296,-.17661176087690839,.2113861157657373,-.030021208931155324,-.19405848250807195
-.22007199854149645,-.03706297683408724,.1478945002423583,.011528803029239061,.16391811988390867,.08932382156277348,.14385120878680416,.0014029431520987492,-.058987366127275266,-.17115053453876966
.32943861198041025,.07575392052722425,-.9078244721201598,-.7160044267829397,.47417831100798824,-.1619792949654149,.40639399412977645,.08511293784129371,-.0024578793916905702,.21150426154892818
.14245660477793837,.19867599469308453,-.3272494556254052,-.36612780816893686,-.030719384490239657,-.12202415012903127,.23373840478066804,.17891947055226143,.07793396553170276,.274025732323408
-.19765442720733029,.21091456783267845,.043121602624704186,-.062374189110814195,.18653030118355002,-.16575336323094525,-.37614003971902227,.20645512138932717,.028156289012150795,.1952072744033104
.134666372921731,.15648085146255766,.09016286851931359,-.36252615396228177,.0698110761055697,-.04322694305932718,.10518897109472103,.007812073139379872,.0734139608103248,-.12529817779428395
.12278828441175738,-.05676362444112583,-.08986115985979147,.09363424895239811,-.04033753881522476,-.44085747281271903,-.039900911294148717,.3775296221050596,.009724647650129816,.10159991378913019
.18018464268551887,-.20397015834183846,.1095645208652749,-.00982066116945264,.1791863585241557,-.3977154940151423,.13873910160950556,-.06490916808999417,-.28488097558659237,.17606101264562524
-.18521657205768166,-.1695266175037628,-.06549727266352405,.23787531822423352,.14090004946426057,.21874079468768948,-.19252155746265023,-.1834825702342371,.009178469150549312,.23098910289642605
.1806639474953965,-.3262236582585764,.28687418433710427,.21920933550487595,-.08781932519397516,.2507047845545062,-.032225252770175856,-.0703181170579495,-.10937830171717229,-.24610374298701804
-.002299769164375001,.19487892488693193,-.1129637363609189,.0927883273722636,-.014568163372243198,.13796556815968525,-.03934053097946283,.1216481839157685,-.03403355949655879,-.2279241311696881
-.08831401675488681,.18875978505144017,.21323420800221088,.20803908451137662,.16400959177943766,-.29301970214208517,-.19775798154068513,.2302549002124543,-.026752154812821644,-.1686452634214484
-.11047134718567898,.1078035474735767,-.13073406918551228,.12548741684937578,-.07677858849115766,.10392061101208802,-.1489854411605895,.12537678387862858,-.19783496333164663,.11146067422680292
-.3210909021779575,.022614744190870027,992201628131063e-20,-.06504509119605359,.05411573153864863,.1284987758140189,.12893570264404902,-.11373446072461342,.12461371949564229,.11781503386302747
-.1006865664756933,.07380844323352417,-.0831312743687235,-.05725274345734553,-.03914097394320575,.15748794243585096,.16118160170696322,.0911666441862776,-.027234438017739997,-.0744931494041409
.10235781607096454,.1308610042968694,-.0007254408867360425,.005927482898391044,.07968954073540072,-.029735244723956313,.0630402549391057,-.02449627835173199,-.24988219732110453,-.10395923937221747
-.13155647669521445,.09539622004684706,-.18704397918068402,.08702920599491852,.0065431870931172914,.14972875313855905,.15465462369001967,-.16238461887094974,.12357372197239408,-.2342814234676868
.13449410646468357,.2672478002934724,.02298078441465538,.002918531436694904,.4124525370166771,-.19511373900630555,.051815736963439565,-.28367923232022785,-.07146957819361097,-.2263689947576957
-.036344483888769916,.01942807865284468,-.0765801800315767,-.21916258747512307,.043839469739781554,.08127880320786399,.09608935555630731,.03709471044570379,.10379589972214201,-.04515698466197111
.015408228198289468,.0038080355571425725,-.028230355531451173,.10044894593082995,.12212914810140083,.08837520470951604,-.32003467518347267,-.1339883252881359,-.20360501789454385,.09777163099837079
.062270284050084855,-.04435934817067409,.027043065813703738,.09853645161629519,-.12862242665461396,-.04235507223812929,-.18593455605550913,.06394888499213498,.03627755933162924,.10746505176244578
-.05088027079771223,.07115243942915155,.13432793204103818,-.23344538317098576,.23355831983849928,-.0038618184871193743,.015379286499672053,.17409448338533196,-.2969473124567776,-.013197161157894578
.06799203773244052,.13545087941578685,-.12937089937166035,.23113999924445922,-.20297222746820512,.2786344232033834,.19872303427598095,-.27564503131333906,-.24552644885370625,.0820141348985208
.18860910557497274,-.09510122864772849,.15055070995686198,.12372940407605507,-.4335375956016638,.1540525849779972,.16708248149063798,-.29149773420472314,.15696833652849673,.07926546919740965
.03462968842379077,.16675953760830767,.19155346434265844,.1047500171061678,-.16731429497177716,.09656910955294556,-.08627471577968053,.12017923133836816,-.1965292525852559,-.33539764497011687
.16044914884835426,-.12196304418103791,.08718459557982505,.054874320817127925,-.001571045569291765,-.028368145104146533,.15098558641607857,-.38093236960801213,-.1341701895000045,.12152772271468364
-.08494575592649042,.03203802132035974,-.14486128905283388,.18818157459752488,.2785723598454025,.21727720053471822,-.03774426929040058,-.21948006549673818,-.16870132235293922,-.041553863295278895
-.0060817644843859315,-.17063814286408494,.1345556267360324,-.04371538487395343,.15358263495600252,.15303843340725518,.06665762842644316,-.25212101759577665,-.13827332480641202,.05084329854232756
.26307369421585125,.3991234268267749,.23468473107639148,.3256113216698727,-.631106507691594,-.804138301643165,.2886146168765533,-.4027307473162065,.22998211495444623,-.10317953662025507
.1487647975457152,.2629465686787313,.02975443750640688,.09997516211914972,-.02942548359839815,-.8718924202637295,.16469966667694946,.23150407277304688,.16908652542674932,-.13712149033164542
-.008454158393389642,.09823532021595628,-.0052019112914165316,.16217105639015406,-.08409766303577905,.1631198964637841,.18808789107578786,-.3463388278163071,.15544560794694573,-.37471834100467355
-.18164355477887084,.1479137449908735,-.01648985432269016,.009944725719226078,-.11803409579611304,.081162421343814,.10985071190451073,-.10714859324571369,.11440282124381393,-.11677945802971054
.14126883679576027,.1552340948790745,.19374937177379808,.22322360280842307,-.8746766132620762,.08018453504391276,-.3026760964044856,.18513210660695012,.16778875111116823,-.16211221656023142
-.15388403015630178,.4576929778464524,-.12519583043974236,-.0726461326765279,.03446828122949795,.02541437453884141,-.1231050772457037,-.17101703155900982,-.03482515773568043,.006113057600077739
-.03935544397483121,.15052217693189843,-.1002905961819973,-.091493895113915,-.09951741996439102,.08228422646378879,.050864012707091934,.03359200429725185,-.10792372507391987,.10639058257197634
-.34868668763719524,.1402584953820374,.09811799340275629,.0037804389765940475,-.02205609877311831,.12108932277775251,.13079206703718035,-.06207534919452308,.07823657704835792,-.31293788195455136
-.25990214403520834,-.004776888895648407,-.01734506392507669,.071186652627078,.2467853768193891,.2281327761154725,-.3985791202815981,.13280718796790522,-.2952180025372076,.2426185745338777
-.02780788952113368,.05456358637390244,-.10852562443757914,.0009142283271643639,.11329077519135079,.01625509195434378,-.03049118605573972,.09880436875863807,-.10894618924745575,-.15311141827123365
-.13896101830007787,.13056731372277203,-.12163910965463297,-.02076532797465157,-.04884444615037794,.12013723833791867,.04663310554004284,.10520372467844842,-.0702223574479007,-.0606229031897071
.21376515140130656,.2632286010024673,-.17361100348232583,.1447819697650231,-.07770761054119016,-.12610715475526546,.20076112960842366,-.5384143903878368,.1457091927616196,-.06663420509124288
-.30392255564160253,.16540870482018957,-.06494168594245768,.21276815960351816,-.24224359500954032,.21313324532029104,.05720918483700044,-.2312897412873355,.18973480426185851,.13124730468294302
-.07316062013651939,.1035605218367883,.050254305924852576,-.3140759849906066,.11121944548750663,-.14640629928766755,-.1131289728898035,.09488026142693819,-.12253815256857978,-.024106562315749768
-.010855711886203203,-.010775329411460088,.1555994963757637,.14727660271142812,-.1159908637016125,-.3626407561048925,-.15259952285160483,.1573681859761802,-.31168070108017154,.14854398466153343
-.22935644474618014,.15550270938772937,-.15387481736010156,.11204590744944197,.09809163741230571,.14333560754848065,-.2656060296461071,-.018074203160928802,-.04055553252687718,.07765823086454211
.15607241620550621,.04138579678140325,.16611278047436492,.0714522570403828,.15090263378100546,-.12567795133924084,-.29979786617372367,-.2900266220953093,.024041036911827518,.15473927380259278
.1933539826423457,.04715643378187904,.1797980769723278,.005145905185906737,-.06549953582854692,.15906726694729006,-.00744326186983919,.034891192189296774,-.07532982313777678,-.1522584668188143
.12658642717899787,.17889750359949674,.1293347347661028,-.11689524334453662,.17623049474479976,-.22589328130298034,.08976184068799094,.19680840378045472,-.23494277446754877,-.002472487010970732
-.0701092663288928,.13446859475188902,.2268744250561779,.1488745985650392,.08454394308933016,-.14537074514607012,-.31990688940928885,-.007828312371676884,-.18965420793806864,-.010995475215758194
-.15544284410596562,.22483638131766678,.2220587738123031,-.012241627792291784,.09228883859171876,.061382770101443565,.05002523767200874,.07417727043202005,-.1545683024413006,-.0969607590333934
-.19099376462123607,-.17790029094302684,-.2003395391104817,.15689786299948172,.20342519929923206,.15538186962064587,-.24079077600533774,-.03597528436609741,.1965623766355394,.22581306547021696
.01238217137323266,.19405874204054127,.08561014875762103,-.09407654407061389,.15268292670211228,-.12213955236769836,.12537251323071102,.04155183300521202,-.09703070035324332,-.23363042659291897
-.2558879539162992,-.21605213525824987,-.01567282509215356,.15238015288042434,.18334914302776198,.15667921822804196,-.3145657320491437,-.012610146029697173,.15990075356334638,.19007590402717833
.0889456478471035,-.037873842210260335,.034601355270717664,-.06974004132835122,-.10700587829277647,.10469276866909852,-.08262593031005579,-.00294585718807588,.047759870452637646,.09240851546123911
-.045372662895018435,.13941930099857863,.15562645544853362,-.00024289497179534627,-.009548519732500305,-.24687437465536233,-.1081263211166542,.12221746226484012,-.04224687747014301,-.19227063635236336
.10113531470965421,-.032542338388269476,.0424198792811559,-.05919335616615641,-.24396808547991516,.10920371369771516,.13906230919366647,-.06435393647551449,-.12883471050594292,-.11346455817820773
.11811030629245155,-.09901371503720165,.12260162457582126,-.043032436746594044,.14911328340954214,-.06556393684706155,-.0634646070464468,.04226730687785185,-.2512285253715905,.06819323580663256
.035787919145673155,.06890643273280177,.05456452979953861,.0994386099706447,.12112916373693497,-.27023001590028667,-.06096878605447439,.07531520886009056,.0627185306435169,-.11481004196035346
-.0789479053420804,.12836290618667598,-.0804880359879294,.23173073974307626,-.07012546316583465,.24216323736253811,.15673364510837035,-.35511230521610887,.16097185867454944,-.440881300057501
.15093160079256512,-.4245475381660741,.07280072873475364,.19487670573090857,.07281563423453126,.17818823694355043,.1881509157085463,-.4571799365924137,-.016796303107263617,-.047436785379490164
-.10570057158849609,.08044336148369496,-.11658868214227824,-.03025921953514346,.047430632883720444,.09892928412469347,.10133053385682426,.12049966890126938,.10676742164612689,-.1662762605247809
-.20588877909004122,.12073100426099932,.22260622272753902,.2356903079662098,-.01583709730272981,-.04699083454594985,-.32985423278575315,.20736184217814121,.13175983525338755,-.24806645585478354
.048761633119858504,-.039349261692819534,.16136823131871955,.20932666596566823,.16060838592892196,-.19408092485009495,.11645952481195651,-.00895101603159159,.12210117760172451,-.3925492464278719
-.2212963976801366,-.0657611194237631,-.25327407728414664,.18766744210244835,.206634133924436,.197333468648621,-.004574923582733258,-.3228070979508324,.20048284346123244,.2144201502794636
-.056565342576847547,.04578352153010606,.03191619593609031,-.10459749189787791,-.04890526074082993,.09270394267698263,-.09512106356037685,.20642062436353467,-.02808067425053985,.018942537504560108
-.252427246305013,.15692927779536855,.1549288333399229,.1709726331300891,.06420300096536292,.09197646597451847,-.08962039739407897,-.0056547469207005145,-.16012319421885296,-.14359193256851874
.17152510191858747,-.1420047488052977,.06199063781441008,-.12591196018054893,-.20875950695205872,.10706611463671217,-.0026818510044436736,.1553745200004745,-.1462992832465032,.13506786397129453
-.055912837529010724,.21809825021059678,.0684864120871898,-.09526371661220288,-.10187907324929685,.10365234113970023,-.17028724935506828,.24554719351117804,-.14488454420930552,-.040880449336804
-.16212551388006885,.21626536898357349,-.08520913337231999,-.28114764104666573,.03614128464720195,.031917081366392215,-.01057905086443839,.17602225585907486,-.12585085575744545,.13432181624809056
-.003781811739490242,.20810669586050412,.21298469750914092,-.044502681322289316,-.012387212401148963,-.01607205182876976,-.00010461328305532386,.09036518630740646,-.07959216687109034,-.19711860920789476
.13527737607705453,-.058761552124813946,.16530961019892812,.16268187934370779,-.12901161628144275,-.6994499495066042,.11961065874892668,.1589414622992923,.12370371514371496,.11756834212094518
-.1504694271998375,.1341188776105576,-.08496306152738696,.14457700286932468,.1470596504997161,.16236683399272162,-.3028710619816518,.1638201330840455,-.316495814796647,.16920045987720417
-.18324088060286622,.24430337252921755,-.5494579772141142,-.04722035768306975,.21162463953400443,.21150637669453307,-.3304196503295581,.24331437820345184,.17436174228197512,.20638089807131527
-.03926580177340947,.07687176758843611,.13920470986993386,.09608884530743257,-.11580157562919148,-.2613966547039027,-.10567879743796374,.1338532777744491,.14471497148141999,-.13665444190357623
.14008433332453613,.11949910120397948,.041576824794631234,-.3425602176539629,.1254211035384287,-.3228723036051985,.15875604364883908,.15322488331779185,-.14496252878961854,.14994165555522732
-.23057122760155732,-.1235100420681661,-.11722044631014006,.2532206917877715,-.022365229715508392,.23151029742053567,-.29419479595502096,-.04801000922146494,.2207699916773024,.23056104746057354
-.054345492784640494,.17693301012344714,.17327937415994724,.08712977745124997,.1833460576305394,-.27131151175371715,.14883108419554758,.21025925896759978,-.22770553783549344,-.14812039385616974
-.034772904616572765,-.08475248304174224,.14373612064354632,.18063204202741395,.007896298217360534,-.14451088488598918,-.11287567644579062,.17450645093077927,-.00645693165583032,-.26124435502575055
.05684681365296674,.18116475652577982,-.15360994985754642,-.006391952652122635,.18008011570527224,-.19118326767207086,-.12195299817205274,.08149192559456304,.06249836838878875,.1496378083154167
-.1713237890452239,.1130349436618934,-.09028215153069948,.1379373838468878,.10036223263707479,.12955036282115726,-.1999133975688725,.11364181493319048,-.34060398859892543,.09730129391817688
-.15789979560662437,.1774833795859146,.13440272262380928,.05042040223377521,.17667201431965998,-.08236219647732942,-.15805017266423083,.19340390069048638,-.0021799208584504697,-.23636862939061334
-.16229339278180518,.11245255834655403,.1106779843741609,.09778321542144543,.09314225647280706,-.1914445414883621,.015675076011263986,.1099870950320361,.11072750196160516,-.17196304242184818
-.17613823927268046,.17069110178622562,.16708542932544468,.2171120548076843,-.19384909643338324,.10485014710428427,.04884008849798112,.03935061325432894,-.19261660384037307,-.1009226053520829
-.06742435393963682,-.021269522535132934,.04150323086348009,.17061818696531816,-.13352110838014764,.16838695687660463,-.21430713553360986,.11812678857812763,-.2747858742110853,.10743565646552822
-.002947914174106907,-.11415645551115858,.09577033913897863,.1682499222436801,-.2695314116445186,-.045848782572688485,-.018110676317274005,.15218042247742114,.047183710742414106,-.02088601353997031
.039544572046685225,-.1096430586478774,.07961170805426031,.18602472087516156,-.03206435245441223,.19980608565601185,-.30717312777680367,.1675206437735117,-.471410408798419,.17425733628139844
.021810620296676162,.18744783525567185,.13870078832340396,-.15922800308121207,.21196118321325783,-.0427390852406176,-.14753867091200484,.10931991634667475,-.08809173406465703,.07861500486222568
-.17932642368828708,.0757513293704271,-.2674603304509674,.18406706938614575,.021436686505258602,.1922345377004917,-.30686149512361577,-.10674132827669218,.1429575823016792,.19881402639744078
.04930170486279441,.08556239972047418,.15142986717266455,-.09063550764177827,.14236054958148214,.012297490814884224,-.03671907659770794,.10428617048822884,.04830965471704012,-.44573089483266043
.08392935023354818,.1981557983943457,-.0970357532858585,-.017816170686636133,-.21046846606593378,.196076392513018,.22228763742592733,-.3211248587760553,.20923217019233425,-.1722054076853231
-.2045322580560162,.2735421032440345,-.05970403669846262,.0011340450973993728,-.19620023961139457,.20834271162608797,-.1250063147979871,.27534963176821714,-.0850596693209177,-.05179213933447636
.1461284786790968,-.052603375108245434,.0726102037730794,-.5863592519484948,-.03225447887158123,.1435819986505431,-.01824151114755069,.1725246686657953,.16785986953937831,.08696047964578786
.09369084818171279,.24187985417011168,.019958490652007947,.22984543133050955,.20981633539830732,.2515347792670269,-.17962023357906584,-.20090930143018465,-.23474800699286202,-.38269559181188806
-.045811673780994246,-.1807451555548569,.0987016455352728,.12862671325097882,-.043480160818176614,-.13198827897864174,-.04398626735297563,.09436831790732043,.010299683471035286,.13037542987190776
-.045338287879633885,.04971987595334854,.16284681298903056,.21761401841906214,-.22238766119876288,.24664626834702494,-.15407364027495207,.1490942164972169,-.05645298427057304,.0735083448313919
.11597470593988501,.01997209304537833,.16354205078108014,.16128262465348656,-.2325992797503754,.07081624005046469,.10577052674647086,-.03595230485361913,.1911014161269015,-.22994362529327997
.14954682259937901,-.2428066548344832,.05140799223527945,.005175208549006587,-.2146783487777461,.1467354252518974,-.022919265574282005,.10732500149286917,.09186265687704034,.034515898393664535
-.23778758426180993,.08304624079366538,.13081067840050153,.15785411276367395,-.14769260110229734,.1597964837428527,-.08935371784228938,.06782681896563995,-.32528108158819835,.08910153416927181
-.26034312934835735,-.03849748037522596,-.1011423285961344,-.01588724726102887,.11702628444826282,.14230718184499377,.00857665750173511,.04849173327136302,-.0862629935825145,.0721087842429756
.0770074559220902,-.03690302123899659,.00740515959911698,-.04276643807846268,-.10103223706831353,-.10963514363603725,.08063353580758287,.2554447670080887,-.20075522077221916,.10608492867336883
-.12496322023741246,-.31065538918251545,-.11603353606316687,.007042437703505835,.04421354734538665,.1911035181508031,.16408514779434752,.11737610894673343,.13881979593128824,.070289636829936
-.4198530994261562,.1545372480975106,-.10599948017492164,.16398866064686177,.16613374689220198,-.21973673531696106,-.03894595477355466,.16629791633543772,.039961876411385204,.14378375827303547
-.2015349669801474,.11729962159936796,.1275262037323987,.11785547798380445,.07163671230670235,-.23252045258018653,-.10590686515249816,.1660792299199897,.14470803167207819,-.08244183476677251
-.041614134954964764,.3384933832817058,.3186235791993634,.2514770159424501,-.8751102448765291,.21230150890733926,-.12038461796706049,.2790183837591605,-.0330349023208336,-.29504151920905
.08607936992479194,.003578922945294497,.1569196036349491,.14462020036119402,-.17814280946306513,-.25133596676686254,-.17456080660275697,.14155710413812847,.17200068096276674,-.15205585920074116
.2124394709058831,.18734177134392135,.17067912367253044,-.10131827295590427,-.358365921539785,.20503554916714276,.22305140989102865,-.21951151831199872,.18391514095446068,-.2057421824896518
-.14158285213342137,-.06905689875897544,.22981710244300585,.0015926884890886568,.17844634339275584,-.03601745443383043,-.12116676974699099,-.08754825453263904,-.1708773372312264,.17170299446749224
-.012892389135153854,.12247829664496516,.01026232839632202,-.022644165820793056,.1473346973764994,-.04718769011185901,-.11600060830372856,.09859673556401331,-.04080970323625114,-.06935694863196551
-.03241488054802963,.07922058312568749,.1610384957524392,.19077977483906505,-.013685027372119045,.09020078483697688,-.17593267635339674,.13756919220268024,-.12084474986910063,-.20071521431791525
-.10611795024844954,.07764634829890017,.15875985344840904,.1874105394180433,-.5943341956188801,.15542602810647133,.011023411794230843,.030196349971878825,.17582442769931217,-.14322470596731082
-.03452623050692546,-.04033398766325447,.1893029542725217,.19538343068871153,-.09552730447509165,-.2824191164569021,-.05731557940177086,.16533930036291863,.17526044460505008,-.0972278609628614
-.12506795878157087,.07984446772509696,-.13167668787843964,-.21610691981659863,.04379671282009821,.170727943126471,.1821484490625825,-.026391270749971527,.16196994079119703,-.1442445550522305
.19585779718599608,-.2550382616163931,.15073384729694572,.02250004144017524,.17214533746891758,-.09412598045508909,.16127086260684229,-.1508669005041251,-.27694061698262445,.16535420067865148
-.12476742510785865,.06787221067115991,-.0965949773151166,-.05090167753100388,-.13605646744332278,.16498012670277082,.1415058910011011,.1617514561976714,.04974938249420675,-.17647913663528567
.16031690593454384,-.1681818057144747,-.2123029982531969,.04955042885613707,-.07438926186551774,.11811097193961441,.14957173775319135,.17909762311359645,-.3394169920817342,-.11355712870216579
-.2337955207089729,.20873210442205162,-.06413560500333572,-.11605882139894931,-.025164543760164595,.2252200149829504,.1531113181256158,-.08799103838421454,.03223335114365265,-.01755937214757431
-.20983264439368216,.3110194599697488,.2954218880372065,.3267430904333603,-.6880500686997844,.09600139188252213,-.048810695363468014,.2787849508960562,.15124715113624823,-.45817251785497626
-.16395627379449762,.18905357718507768,.27216339961214225,.2622320340433069,-.1300570082141239,-.155656497975081,-.1996810597851647,.2751537152764858,.07478431310971075,-.17055056998684914
-.11479652748636615,.012726822469834167,.15122394336149958,.10606265298869097,-.16959121303365676,.1681589184708841,.001882919486461668,-.016392428170760462,-.011992841337851003,-.02493787324804291
-.26154151694854105,.1808655331438153,-.08477458556518144,.18749749088558876,-.022178921509176143,.19011147075107704,-.09800039632290423,-.09353387029111483,-.03614006521085003,.13920754852706296
.12526749131680467,-.08076256334230435,-.05256064717696194,.030046445154730296,.09285808731515867,-.019452723510509046,.07121819683897226,-.06543118228139443,-.3113619557637487,-.04278909672948195
.19635534127927,-.4059675711916311,.10498990192118769,.1874838585680885,.010124072907026714,.0030189289704576515,.1922583093295817,-.07152107500349769,-.07055058259560458,-.023256400108828856
.08623453621791474,-.04256538087916557,-.23837882363359983,-.017022495556732974,.04349008806359852,.05350944146667406,.09828763757852951,.11106097318064186,-.33183167736287206,-.048216428294987054
.15233756235584794,.130582691746173,.1289075123347155,-.2279855042665076,-.14904802499404582,.03403822292948946,.15683929222491388,-.09209115188258248,-.1182242489658734,.07851034760483722
.14907602765696026,-.08708216057894116,.014972451530177329,-.14504345857199483,-.006852396665509131,.11912191667845229,.1444101612910152,-.05933773228665697,-.10154385917320832,.06410679304468696
-.16167874229850718,-.28698603548713425,.10402715916421502,.08257552884416439,.0399870356445964,-.050148417685050746,.012155436844195587,.2273277146704403,-.31302250628927325,.28208577377448874
-.10096627018322939,-.04700109748560012,.01058641884364864,-.04740975712797781,.22011527200914408,.13949817374893025,-.07174484286285474,-.2663495776937028,-.09932276530994151,.2151302834672833
-.21081166507919422,.11324402017796067,.09097335963779775,.1524330786725811,-.0791876967182365,-.057019270447463744,-.19095194603650967,.14626834486757928,.05075217593277971,-.07032207561312422
-.1283930056739214,.11339143080291629,.010151641634293595,-.1838384414894526,-.04839490101063733,-.021589267881938306,-.1239297565571261,.13186019960923717,.10643030830698771,.06319498938851657
-.1959816440527068,.14498150532187343,-.0899512929191113,.16463770273538808,-.14670171937084964,.059721125372519085,-.23076763290707297,.1555610301976876,.09324059241124213,.17559303815341223
.022882031155817016,.3147531766072912,.20417034923060093,.13202610820398905,-.14252016279107155,-.4989110271416667,.0021617645647341766,.08264063949936852,-.134362535962315,.09119322617217286
-.09737201845783608,.02448230915701115,.16419286837231153,.1268760960383816,.1397675924112811,.19011018665596788,-.05762677475371832,-.0630513406807756,-.010597401345131133,-.1706733223250164
-.16724192089099726,.20927588723668603,.21754714943973996,-.03285661907417827,.21529863058083154,-.17553463352090112,.13359181734028744,.21108634214064517,-.18228477306896157,-.15268052364476964
-.33092239223766046,.15468912867941917,-.16887716078379952,-.2788627656828988,.1255305156071741,.10510374808131032,.08282732766684617,.035593517580379076,.08341415554614276,.18653734136686256
.1877883560557811,.057938480321737935,.11027281238676989,-.496101601981218,.16960973964697987,-.5918084464857889,.11923431074967308,.028825097890507134,.11867702698515566,.11496915146659133
.1055504069294274,-.05177068550771893,.15365475887741353,-.033800726634912834,.014430295941356107,-.046723123036967074,-.1732691314587651,.0862325568048386,-.1297647383776986,.060285522427027095
-.36596613399775507,.007079716561684176,-.11076466664643625,.0038387575129589244,.14453729575754923,.14078955104839044,.056113528082198424,-.10824662188980416,.13735211492250865,.11668404853600566
-.28787836697828567,.17996683374951375,.014165418774609643,.16871175349484355,.06404269256004534,.196269635804444,-.5319632806971709,.20785672153422588,-.3272281758751965,.16745740113883023
-.06619161149331168,-.11590850550110744,.06460873059160115,-.06846752176169542,.10870983731097598,-.05034639746148997,-.09339299425150167,.13524378223259687,-.1058245995780001,.08308232544133362
-.08856076550986998,.15195394872290557,.04159050800099118,.13067610664935098,-.07773796912634395,.15161309334046905,.13780411863042602,-.2359362060100702,.15889833669321926,-.3446018539439614
-.033182922566804725,-.05044659121412889,-.016061343440646744,-.0873579458804496,.14753760501385363,.1432088903329037,-.04814646283536557,.03057296981057152,.02235880642360709,.06702563178771455
.21800656527655718,-.16731508541141657,.19121867937711862,.2598779595274384,-.09262259124723948,.22640088543601633,-.3982850386510944,-.27083795122178395,.14044965436570067,-.19346499538114392
.2167293191466173,-.09796063234004691,-.04642640881867879,.2701568376129744,-.6535691789601097,.2330300433626009,-.05426369397886845,.18855471966230125,.2909584736412655,-.17815672403103097
-.16046586198304622,-.012577869722003065,.035681748752770075,.1437815743481936,-.11832605609091684,.26437133739463237,.11614110701074443,-.2722298669059826,.05819723551199918,.12402564941663904
.12272929707037092,.030956915923927922,.0461771207111627,.02375173337941999,-.09814713373940291,.09609472091460512,-.20187996987013887,.1517321184299022,-.3525307008023675,.1366333056545753
-.11127554821591908,.1558757889703768,-.1936613402994316,.0128183019666945,.12871889621222135,-.0005671899405742975,-.3100069229234902,.057964826472699044,.11544176372718885,.1389769409713803
-.1873961368291344,.05614241593612608,.12345570713490243,.018857408747390683,.16715643351594298,-.019327352361869943,-.12976763553471457,.13368890503643557,-.2609694318952724,-.06633188264724883
.16498886750945171,-.13328550828964356,.13873315831313926,.15608907946839023,-.30239125386023186,.051428981906127484,-.4656199986690678,.12933810687854136,.13641016751029117,.13750606677843183
.034120460581119665,.0639727577509332,.14983356239574344,.22416604753793404,-.23207741232950513,.15864610940821053,-.18809354395358077,-.02070458865674832,.16846173816981336,-.13437757377266105
.023671344081833735,-.15248668236145554,-.3639279616538094,.18921986715996172,-.19549997398678678,.18045572937621765,.14402367577754469,-.00864023318914519,-.012257425128024269,.15344135287655694
.16288441863433523,.1760894232210471,-.07366982719032508,-.23904929388111376,-.10106714539458608,.17392203729728622,.18699141201773764,-.1760810574115019,.1696296674018653,-.24744037170018618
-.08758020196971236,-.08193138197486557,.09358324639289599,.10566161572754174,-.19264776196983546,.13100456415203,.06224096262982757,.1299230268450672,-.16436161963242368,.06636562595901326
-.016373898203650674,.18483703868050216,.09181467490383961,-.20966738086811001,.12986415165684861,-.00933041036106563,-.08177509528966441,.16197389422466069,-.39264168140525096,-.06381867290341169
-.018570133475174912,.18155018911228463,.15541528642512384,.07642976507190131,.046075780710709155,.08097576558142977,.02102751444378225,-.12809997625060504,-.2175476179138544,-.056648431480209455
.14442204312309645,-.014031161698588358,.1128290440591629,.16363908496952126,.11232680809090292,.08818580260435278,.13813457181334637,-.5375370325635715,.012389195278691664,-.0743517509083823
.18089355699373344,-.1532516829918828,.08316901836420769,-.22095813465640712,.033267238966474884,.13185831039840673,-.21740389660207357,.1767027443455546,-.11344766709161562,.12020668818846972
-.03573817061528171,.09601794709152654,.16820754216510098,.19594935391955423,-.13530522556712757,-.4523704346899989,-.20035242840889897,.19482396559045026,.20245409009318463,.03493073927270808
.10393638303246917,-.1243850444300126,.17635572808189992,.09495584095321702,.1540672150810158,-.10358969791690074,-.12054464491955144,-.15262874914215963,-.27171442533969126,.1418443385070185
-.13617200061481638,.1598552310434365,-.2662614022290804,-.10486864667082403,.1606662805392848,-.020899890168767,.12714267920999733,-.0912245779402243,.0928112916881155,.1752717567742461
.08754838976984905,-.04551405255130073,.08818582772613517,.10896567711533499,.15059556918248318,.081008376231203,-.11337295526835559,-.4029461677610721,-.035224121280063775,-.11305938307527315
-.08037585039426702,.16704930409178162,.2274443642631341,.03402663064068838,-.10879542797905058,.08331995066387458,.015334363291545987,.11255943710578185,-.12907845226452597,-.09089477498384724
-.20544168596272994,-.009650930432402888,.10947107541273822,.15460088909502526,.08144170278998468,-.03172867418616537,.02147117611359259,-.21857061400312466,.1564375354957421,-.12814889782680813
.09690844088648959,.2902628727621889,.31745568704082516,-1.143221075974753,-.5099944316237077,.4279640538129706,.5216367691248146,.7309734620519235,.12437338054279744,-.5782783984221537
.26241042987310015,.26470932458213375,-.06502346527313789,.23661631662819693,-.3081334568612182,.0638976173009426,.2426534893434893,-.19593703345606364,.09061256500405813,-.5071345045909152
-.28930150829068974,.18949101345696398,-.23213810133461626,-.32024795113394405,.1569568819070472,-.17999358591694864,.0823850851591406,.14304424147887085,-.09549610651114093,.1434724249503491
.16232002542492233,.24448166546352507,.07303892731225625,-.15031143259813978,.17096698347269923,-.4178831180961641,-.3663992940020961,.17317852444631524,.10640813397679993,.18364579257227406
-.1575925154451283,.05611621741027473,.16287216147934858,.17919867928219135,.09444911012543207,.05479763994907406,-.07478450366488706,.1451285786683473,-.21063408527566757,-.14729482702500654
-.09877697462131435,.1846848630046409,-.12625078332265954,-.17785610257366943,.09139592973199753,-.016538648142428235,-.10888236547221926,.22096230430763372,-.21630901649386766,.08909174637012174
-.21932434948056154,.055697909731696874,-.16155143544538442,-.05887692201167392,-.011000729292480634,.14567800310346496,.16131546785675951,-.06044898533396655,.1704539108410596,-.07977160465906921
-.23595658929659208,.08706187651201755,-.031175299700728874,.08094082798581782,.12856206488321492,-.03088303849831892,-.25391226082263196,.12525891581589704,.13025310533369733,.11045752263773816
.09078054053610103,-.12390561142904266,.12044844990737025,-.06762664436968377,.13015923067698823,-.03310576427742992,.17189473010219927,.07451747112458076,-.14469602123150105,-.11923649243029659
.24686714270166943,.23414665113658348,.2682842589689341,.1773256650783156,-.2228704993491656,-.2780520942289314,.11656474502860571,-.12639219348359515,.24960366387050087,-.5553500865869566
-.17872247493876206,-.3572360889718322,.16927408910900427,-.2835118029200244,.14941443266096688,.14477458960162326,.15023997561780503,.006597025836606008,.13797418751843438,.16632233591173204
.1345949044013392,-.21823112306134868,.1149143337918935,-.034938644143034006,.01690856737195073,.05487597159222077,.11285722999449484,-.14057837754938818,-.08382132427034211,.02444218895093916
.1280429158194563,.2411995948012296,.02327243910379508,-.2035637113240416,-.06480171024188222,.2727378497370992,-.192385281319376,.18867325405474042,.020741361452115508,-.3338089189742132
.11451275072968631,.07779363354452985,.10421337479451356,.06851130249427155,-.21853184914537047,.1168057011971859,.0201891684744393,.036397101163668,.004811166339286777,-.15880892406124525
.1316900578236291,-.23151839608052685,.14545048644859962,-.1670343060900162,.08633842961975217,.008203660969615603,.11799305618948247,.16531422339799703,-.21273636376079225,-.020349485052489513
-.17002936398070229,.16677550126052657,.13284932393703505,-.15222095677667213,.05650734605530209,.13397273525275558,.14914337453720597,-.013835743286305347,-.08441057561281994,-.0845216544417382
-.031065391853278113,.06378392670506484,.20941220038442065,.2820631465274741,-.4014496271059077,-.8249889729816515,.3356060730259351,.19613485364749947,.11025176575201348,.3707990795078481
.15259910981516756,.10626608445164026,.07775460533197263,-.20286156945961176,-.1486284992955951,.12337428884514388,.16400527033428172,-.3122129656532828,.1264561281022661,-.20509646087613428
-.21469588982711177,-.06006550992132872,.14942341596715164,.15900084467154244,.018061226358933334,.02006248453541008,-.01353923016051032,.14317012495118978,-.13166224475263996,-.023608122899968317
-.020266309612565925,-.059677575022171164,-.0658053633434462,.08175397968274604,-.10769311068244083,-.02756822059587537,-.05467657598006703,.1906719549787307,.008858586355865866,.13148216439158444
-.11925003125519573,-.04380395094274073,.0016856987985873681,.15723439496816455,.07099882482432798,.1971663547588835,.043548121079628375,-.1323063840529428,-.19048207549500656,.04133032814692328
-.16304648589551016,.030158285012323694,-.18066750851422678,.20877279117758957,-.06754989727382545,.2156071339238043,-.016465048880953903,-.04317720733343293,-.1656036498995916,.21103764181295154
.16728065009807455,-.13931924975663884,.13106396731249673,.08972920275308466,-.3799717446593899,.09553283747054496,-.10310709790414067,.13116891199309505,-.19298426896390766,.011233132911400266
-.09902601757225449,.19496785993246177,.17548183669530137,.210763389647902,-.14045196888729392,.111209803951661,-.17836777830305586,.009109284064241316,-.15777798008010718,-.2678336859925438
-.13945027302420432,.1733955385961357,-.031415031885795336,.10207061291980131,-.03113369922959388,-.1640457496079581,-.4262906634748871,.1913691165207273,.06592233093352123,.16147876409978776
.09797357991794312,.01691121924726777,.1402208856942362,-.04980712940366665,-.17843605685246777,.06513139204011346,.032948364158018564,.021614868355569906,-.060162906574521786,-.029942948081832125
-.2669994500882229,.25335896211928055,.04857167665155893,-.0013509677623159545,.2683502644257536,-.21298819357084342,-.18778373951921606,.2532453644796659,-.44133177566289505,.25901186331449744
-.12370827752303261,-.29497166110275264,-.02204622408390179,-.17052250293835108,.1590493471031308,.16030445232205612,.18995259102419157,-.07884112641015766,.1725829251173668,.15095881988725238
-.08480942411563597,-.038631006240334206,-.18308714268340634,.045800711011394844,-.1595728935274096,.18125335276584334,.18841046098528266,-.01156960694870968,-.0678191658395492,-.012276805347392025
-.17802265730581324,.09551511882139217,-.05647846304890492,-.06706332889070742,.11403450296461683,.14418539735096256,-.49884177284829345,.09890306092965954,.12060189165239549,.1120744581270983
-.29208001918303444,-.07293692599695384,.14289900346033024,.18784265938183936,-.09539846025068673,-.05330015520725883,-.4263921449102881,.16550648261798356,.0723891366199539,.1757818982241558
-.17055382667665864,.17817594253288893,.20008121581251032,.015121385832810256,-.10759063802493916,-.09000343299353407,.189415862431838,.07239775200469274,.037211168873228444,-.3585606409583513
-.1671261823376538,-.03839161686767117,.15744867579335775,-.07503818797881565,.1813424353641725,.05768189621301075,-.05558863261019333,-.25517409556610193,.09017592872887116,.18521114474722478
-.1411259863438182,.0772736069887624,.14238936648632755,.05384008679789083,.13428183283766992,.21892929779916417,-.04326512325615809,.1389078149667592,-.4151802264337778,.036435620235317275
-.21019771365370732,.05417564481300351,-.1986458601725332,.12803794782683317,-.026872598179487325,.10672898345416515,-.23737928998785654,.092043456153672,-.03384891688071159,.13029314576654732
-.09436362372605499,.17931882282253256,.11173191248469791,-.182806414871919,.1956852944596013,-.04765459873188721,.20349661021901255,.07575818817712451,-.1070485080237599,-.040543521514464595
.17348083305753342,-.13535430137799467,.0202989360644592,.12430502227496135,-.30044396034954624,.08404026513510265,.06544600648642221,-.2168624805073562,.03478642296940094,.12756056528391244
.091930443393155,-.050815326829271916,-.014760144934746014,-.1331750255093909,-.012348261758916283,.07143394112790127,.018190519152424672,.08885519631765947,-.2805942571998797,-.12292452169700352
.09332268019563178,.08333018261613312,.004851110619729839,.11780544122845293,-.07727401203619606,.14034860542396516,.1553983050128738,-.2954136170062609,.08600863891542118,-.1939067343192231
.07154123097285019,.1541022318729253,.019899488683076352,.0900870944279701,-.25652028146339934,.1607760813965059,.1501073598806855,-.11554832766053176,.15742824998598767,-.1999013721187348
-.05308785954932462,-.1490590939093434,-.10209781258800639,-.24425777614440905,.1939443068132118,.18056561812502162,.2016067730359152,.1350983452517984,-.20656834120475387,.172564458593629
.18879980174532243,-.18396906067466315,-.16813456354358652,.18801229279399337,-.3722748406640894,.19329637572750616,-.14399817671998502,.06033806795075773,.19092176392077742,.1730378720513207
-.20429095617500506,.11439699404744168,-.028242374889235634,-.21476114395387896,.0005010197210584879,.11279425412537802,.12000328389062453,.08036677097265292,.1458360394864578,-.13535420021856256
-.27830105774659075,.06565011859889576,.08230267550069731,-.2341668348795595,.050292043900124296,.011500020780539572,.10007366525836318,-.060350053024909284,.07972251005047998,-.12345221788782236
-.04631956381336271,.2677081960461804,.12283845827926006,.011161266086301561,-.11028556967779836,.04545833928330256,.12625830442514827,-.12385429728463836,-.2374288483224912,.2017932086448118
-.09539275893308102,.3268985118452394,.05176968864906407,.03250676796278576,-.1550522128441771,.04363871043909152,.020812115922223,-.060673741296994606,.0066025457155519975,.13255157963442743
.2600163531891093,.2052732965360503,-.44317325441386296,-.17605376700405148,.18225329993301861,-.10982778360229882,.20411293350385318,-.01639017740149367,-.08009058142261562,.20457705463838788
-.273404813833821,.12288041300081377,-.008167638720707927,-.17434548084666907,.12155225241046008,-.19942717074746158,-.07604235381059726,.06264424668140728,.12609112048867857,.13217993359347466
-.12870673475887068,.13817809030350908,.0900542865223918,.12066834701278549,-.2513362141458111,.14511982675569388,-.12306720372453187,.13360643947457876,-.18076754657737953,-.0686012438870885
.22022374871595152,.0510949194563937,-.33927120011285905,-.3576828993538008,.17016476664637656,-.0049930010892558,.17728696383421755,.18222331455850715,-.09983475592393733,.1690948720417098
.18480321511623019,-.25922799712633443,.1942793117494982,-.045720558208157076,-.24174914672607986,.1510709714750877,.07169667180166646,.16527042945126946,-.1498685231793517,.10941025482742787
-.16836475683096805,.25932130341560244,-.15813267957312996,.09877279573062114,.24830142914615141,-.042386152219698395,-.24241123446036622,.26021231768008884,-.20119646444891662,.25121666409457105
-.017250095633813252,.11909105379527371,.22605239030406277,-.009216200606576727,-.14526021803775566,.11623275763482852,.002529926773555492,.06795019547556973,-.09661910266150087,-.1612983370637859
-.14671452177715724,.11729739378384854,-.07888105978421817,.07116722522970585,.14068293214975017,.0964847162271549,-.14772896825152024,-.11834147591678296,.07643951211295638,.08245869846132707
-.2898756939421762,.043572594525398405,.1258871327373178,.14595729856827278,-.001893363700087303,.04905074356348535,-.13782087854137245,.07430848279741073,.06378090078448007,-.10256215144419335
.0994488806639546,.17589541019581567,-.20560626101727889,-.16602381395567645,.08336029507144312,-.022199479483798412,.09884224567401577,.08621787390664296,-.2053729132225253,-.014640569392001413
-.048987415040106,-.3794705950262333,.186535637850942,.17259929352684678,.04048577204894555,-.11950488859115178,.18951795795452456,.09755270508294166,-.028044835413626866,-.11679532272304896
-.07813719716930694,-.20604550562577037,.1604727102262014,.15167446074342908,-.14670561579389216,-.1920688717077018,-.36993360802498554,.14551796469527903,.15697615608566357,.13443748021963267
-.16031015442020527,.20009238686341466,.19802909991132397,.19088756095897141,-.23066785306972673,.016584237772644294,-.4736255982836068,.2343513064641104,-.03231333271206246,.07466170018075316
.14395005128605448,-.06155589941509823,-.10706619452339312,.106175162728059,-.2370366470373057,.14806867173761837,.16349818015674503,-.33238807354060446,-.02245271117781511,-.18324276408352966
-.21864711261632389,.1984830705957173,.007097329693650645,-.15426257849665703,.04404455472725408,.13017162183097414,.21801029130111088,-.22107303966681727,.10759657959402899,-.013240724711216657
-.30946960236078674,.10597277968092704,.06104741208037173,.0042035255114408416,-.0640422730787573,.1131666987536885,.1382787844350422,-.06715316344292706,.14269249136623177,-.38205998104960187
.02194969484632379,.31775513083074003,-.038341593877859195,.08149985075218724,-.218263438642307,.2681791480719351,.14490739015615509,-.4973312988063454,-.006960885975838918,-.1804860081939138
-.26498048991031425,.14824176854534624,.01133185617106222,.014841871567381813,.07383227985323326,.045910087690155206,-.08246653057288071,.1908370108277793,-.10122862506612965,-.20532519533253102
-.18004472595940577,-.191110600557973,.039585723308708846,-.06342470600297376,.10496160104038886,.10593790393620396,.12443883823781304,-.01537143541920575,-.007415096639853282,-.0378180437969547
.15552760460742618,-.2687869747629429,-.09485964261708878,-.2838097353126077,.18650852938529136,.009456579924275088,.13787537544788858,.2179359941016763,-.11580585542186307,.06310627064864842
-.0612574801695376,.15799021456540238,.01869452538642141,-.013098522939572489,.12663241130304215,.06892309292442159,.0008197937449390924,.022103652577841883,-.05531521733095518,-.24059749762933005
-.16351952311459214,.1578708928856295,-.0931070786503397,.19343192958215116,.011819124034231137,.08373227495281141,-.32184780288446846,.19759733400476054,.011190283383147566,.20575980383636394
.15237448117060448,.05419960307169417,.12426274839912227,.1745961963214563,.015214629217334972,.054290898341084366,.12341564168500321,-.283419108981151,-.17608488051696308,-.07764317817942679
-.13403818854982338,.2399953560134683,.10034865665580499,.11614251691560513,-.056424495498688644,-.15717424732726423,-.10830792376241169,.040637290952026534,-.3104573566448948,.19010231259832808
.22073819257020597,-.27796164522442685,.24292239414673372,.13399822484371818,.14751701755257945,.1403654951919185,.2381344540573858,-.20505563629439535,-.04816248521656709,-.4915064137509517
-.10288558218241366,.17042657567901495,-.059915926634642236,-.03586056501911194,.0016283141359183034,.09132567060426378,-.03350519614493801,.19283866123700497,-.10726492780343924,-.16942845568085058
-.5796450131968356,.2693699536353466,-.18814469385056792,.202388564991249,.033474642625700796,.22872673540808408,-.19363776082905598,.22609847940346933,.18698604274281366,.0986010154805588
-.2128966460935793,.17130299260108223,-.34359331880082467,-.4097163165131775,.012276148806086072,.17031141619146206,.1686382566511074,.07622415946804348,.17613059108337076,.11650514086668991
-.10676763141190282,.21585763448811174,.000709392523066068,-.17935386761066235,.16839755889490052,-.1323357843774422,-.26449436561491235,.22972527305826707,-.33044326128380785,.20525211299486718
-.038273003560289565,-.18664230904142146,.11511384256970926,-.10720715879878179,.16038014138422507,.13192594873298533,.18644092296797865,-.10256913436902367,-.25539454981371035,-.069089842216449
.2076702726254075,-.11612795991688729,.08542339393707055,-.08701588959694692,-.4066378787860276,.19314963873386778,.11252436797011924,.22452833290443236,-.05284572974273133,.18027430070530157
-.1799254806142028,.04501402090082527,-.06879782618303625,.07834560790001575,.10278023960186576,.12421552107069563,-.001553416418832044,.03930672689363255,-.289825784200698,.029022321315124024
.1596688905552995,-.2720923749964314,-.040824784423134794,-.022784229199660035,.12244015045434041,.11026363990108429,.17314282689018565,.1684732124677591,-.3547452909214719,.023276169885207944
.09965939831744305,.20702537521691755,-.04977208972376966,.12195162052030734,.08683183561263552,-.20126258411688144,.0923114800484707,-.11754485178650434,-.29369130784912484,.07260323634618263
-.3655427170788762,.16885173786235239,-.3946570080038652,.1701548660162662,.1677051405816975,.18096619136821648,-.05553669860531721,-.14976103965132861,.04623439257977216,.177877073706143
-.1575826440359954,-.1406361393884515,.27507252268495846,.03962124030510928,.2148228505136103,.016814723625832508,-.15316223988164723,.021882251321141993,.040286383592380424,.057877991951657264
-.021021618640524004,.16116191668019741,-.06801508679667694,.010961398422894314,.16113311492396737,.24061452221344243,-.2786677379370387,-.19144406497815072,.07957243585235185,-.02926113325603391
-.20317998651605054,-.06889179748143397,.12491018254149493,-.09098854920449885,-.1181339686591161,.13331394934746943,.15689152285960883,.040945207513213636,-.09931333650248018,.24122124753226684
-.23331429794133968,.013904435030001333,.01149344468877379,.17099573434257911,.15611121437249206,.17517116138398214,-.2907825398234775,.16479243897472404,-.3779304395913187,.16721868632864514
-.06921041858562381,.1327451018567209,.19750376968867323,.018998608947352873,.13077807055543375,.1385544569098196,-.08605585217204695,-.1386295539057256,.17291083497942694,-.33109392601773957
-.11243751697531916,-.2798374600862461,-.14398428742949695,.0168555385076677,.11975326802839498,.14197252956904108,.10752753301531219,.06754688413153555,.05948467836191409,-.00951114036917784
-.02202288829279223,-.03050320724486227,.16139374291380945,.16812419179224677,-.005519157399021207,.1675769933446033,-.24093771047577223,.15606287575843233,-.47811800558101586,.15151930618581305
.11039593872485991,-.0029687562821238737,.12364195381123036,-.05869588744102066,-.1787365543712065,-.025596674261505227,-.02020136647653746,-.02766445158164047,.08712171262057296,.0225634562338892
-.13360007659677012,.12586547437562046,.18634830936815514,.2322735798719761,-.18182640115046597,-.2660768782629613,-.011446918120218908,.22517280400641426,.10342008438573796,-.16129297982485405
-.07981570779022105,.06719239630237112,.1393596973898448,.10508214671128407,.10554982344348753,.11918685791996697,-.07220965822717139,.06155604808011813,.07126463829376846,-.46955603059612505
.056940310459095846,.05513424133954654,-.000749511503152161,-.34468086855731755,-.1327196198918168,.04413899240817824,.06810902127586513,-.18874228521674338,.08070487260224217,.2868121609602816
.17772951822912447,-.21088467320456414,-.06260001381280057,-.19509789887019127,.17460604937253454,.02640146396450468,.14548644817576978,.19117636923428108,-.4150553055174715,.14813000917180516
-.1519672950837752,.054464010690106375,.046584128881143376,.18271220123477896,-.23253686020176245,.09434213939957724,-.29248549914361516,.17270281043767552,.1729126080367262,.17342334675321858
.12743667375470152,-.2661267902782115,-.06783781888697964,.13522152475070956,.07923073385037077,.1069320457559965,.10885628492217031,-.0273428029101265,-.24816269004023692,-.11415015213531667
.03460510804509043,-.20179887925011863,.16075854147341667,.11624316226113371,-.0018321716921085914,-.24738822542720557,.08493698383336182,.16785654081146098,-.25842775461358525,.13030570720600096
-.31289261317973627,.20297207425557673,.031387262303473856,.17795353998704821,.21137707660955302,-.10897518055599384,-.4973055860120097,.1890196468404402,-.1153930133616954,.200874114667051
-.025989932072314138,.07478127213297588,-.06448900897753171,.050913654058207865,.05062404364522434,-.3546427982965738,-.25826220586549903,.07907108232396616,.07452494450213443,.10967008347559005
.20578916925889382,-.122106840444218,-.06407300183689126,.06993714106992183,-.11472882305352702,.15591204288211866,.18539250322670825,-.2786985650602893,.028353771036981182,-.1184514749396569
-.14040096869135252,.14865043060799593,.13964784879535758,.15026079717488183,-.07962198579112696,.15823324483419954,-.3167548357904195,.11601792694881419,-.16316456856277564,-.10281395213718443
.135546576168565,.06620290589755033,-.0785666756835687,.2343411129354353,.12788914431512155,.0069709130029370295,.16023450835374156,-.0950273240982107,-.05390292219409672,-.23752870620617605
.16163489732926586,-.40105312152029426,.17137787329772966,.006902523512975417,.16307025158639962,-.06761014754693037,-.2584388626972228,.05414977940818193,-.24568593821407428,.1814706251836464
-.08868591848160884,.10916455750403967,.08661528044067451,.020819038913294424,.13488483141664945,.03554806404007649,.14232832628700273,-.07372917570177126,-.04252375304527166,-.13349510085600869
.006937614481592664,.10811677206599311,.24988254857853254,.24635009184639658,-.382352215837123,-.20495069349271935,-.16026074456415437,.21789550365617263,.2321404771150251,-.23944311489517314
.011910700698744538,.2072835879766623,-.018666336852883963,-.093857065409161,.011260719566518154,-.00520792306492766,.16308732838826126,-.1656676699296029,-.035961673489836976,-.09315116827926156
.06554776328386382,.20315479553625712,-.09878090168214357,.1607352047546857,.17226117315575967,-.20422435852573492,-.15031458426351021,.17859708351632383,-.1609064844841802,.030273457708433794
-.06394687908026354,.030800976103003124,.12445258607239541,-.04338354240894756,.1136207954769365,.08769232401024547,-.0545162084259306,-.012888886444244758,-.06732484441939961,-.2613951372426081
-.0393302811625539,-.04055347661225409,.1702485308805643,.13705008460519444,.0609076444763012,.17690026057746122,-.0924869160112767,-.17825019848283083,.01092403916067232,-.13686514874951272
.03021132572633508,-.29412407371169,-.0012675249654896855,.017017644867417185,.0954612147735611,.14700321379644624,.06650828004419933,.12289606060585466,-.2784063369836271,.16369007266283436
.06715043853920181,-.02343397366656966,.11134915649910744,-.17258432922096564,.20690229703745683,-.062224351843454664,.04341369341372677,.15426564171551044,-.13664781054398298,-.1126754872780827
-.0169588203849548,-.0004490124910271904,.1161119346896832,.12002524856049146,.09911863467471814,.12874880141571088,.14523934349085674,-.2923938907679411,-.10099303932421545,-.2352840279480141
.06546478579338122,-.08410912756805601,-.03961715371535646,.12161868913790297,-.32206664553551523,.11268372368854605,.09492719632641902,.0754166885554562,-.09266187497339565,.013599413282323636
-.0124542460844362,.06909172346448339,.10777445772540566,.0591253313243624,-.14776970385848523,.11674513391383404,.1419031274012118,-.18890961029996345,.12907389015280557,-.32793244196072013
-.12504222950460708,.15178712511484102,.12331791477876683,.014317418047226882,.12153182238318709,-.14244106644912796,.054462385333466416,.024210360722917948,-.08230072596841757,-.12524697725281567
-.03885026617397032,-.051398196286232246,.05987201646270858,.21698273065045257,.09401293140066158,.1675674710384568,.01621512883655948,.08149181488952349,.09509283414622464,-.2475528063604896
.15108030622876123,-.05211150825052514,-.034572747028643686,-.11812023440492664,.14455860338477197,.06441751842981541,-.02255202365078453,-.09194003279109454,-.11400299803558966,.09998553182092867
-.37431776148455187,.1586867370928266,-.038995233126085514,.2030994505512302,-.07410122027864918,.198348297418751,-.2303225352179199,.13627248680160686,.15020290345699727,.09205053941960073
-.2931046266594348,.0318067707893848,.18630472633713716,.2097580800927682,-.007668751675358766,.07125499778843782,-.14325210888254478,-.046820509461743355,.2222622612490357,-.014464571866621317
.10131544215687065,.0034596279950304637,.15203333958450652,-.11021777404784214,.12346172251515106,-.11418148710326471,-.07203566991958714,.13815872038859606,-.29678230224181756,.09751753075488115
-.10846209940065676,-.37711236884205623,.20533676211358534,-.04601473645948009,.019125309354842253,.2629667977707983,.2416096378367341,-.2468002561935459,.005191189503717024,-.18460175051267302
-.07959303151032825,.20201017777127317,.20316767878161324,-.33717164515331083,.19146034240975635,-.14839327178558323,.12432320697416231,-.045823694442777514,.09620314531208982,-.3888110362851473
.1637653953443031,.12254159056323692,.13431798557594138,.06763434464454063,-.24815303259672108,.111575133020675,.12262890253678785,-.03638828640585267,.14289879841594327,-.351751380706266
-.18866559701848792,.2057668893013666,.17740288537217858,.20181611086526496,-.26727009590129364,.198400521104864,-.1571175197637072,-.08975013987447787,-.11064594766723757,.06783335691748202
-.2346518823877551,.17379388197337914,.13910132015819918,-.0979261990892401,.08313100868245642,.18213861888159366,-.02011577098534951,.1940702390999028,-.21962037960123587,-.2021677186393858
.029434437410838125,-.08912746159588951,-.20951834985358087,.12701542529855453,-.11841181139145891,.20083185580047186,.06691269844918148,-.010695370266931228,-.004639950997781896,-.06800023058636394
-.16497001647366696,.302647142254257,-.10684305226237367,-.0003431157333082788,-.19186139935286883,-.33393440177462086,.12504558855502815,.21540167749475275,-.02120641255346333,.05992987760831744
-.01553406916804306,-.017075195441836524,-.22178284559424682,-.04228739959981754,-.04229633504673577,.1827157522084664,.18169653782996165,-.07920409182919902,.10327979396837136,.21012619982352368
-.17737815046831867,.14296174398506903,.14186481407432674,.13274201348997136,.15016008844898457,-.12005529078869806,-.36175671872543447,.16582416259366348,-.19603928199646564,.15522357213154042
-.29308455371427805,-.044283989134919856,.14308240609201994,-.07148763470366533,.12976673561614643,-.02620708408385328,-.2054306736170335,.0333158457504738,.11937650424326926,.09415534946748998
.13124724640248323,-.0766317872484302,.10869221911682286,-.013008797333066077,-.35022024328425394,.11176394080031342,.048711876390630314,.12435112121195342,-.24916754029064672,-.07638088203997251
-.06259763025283603,.172600211109891,.08705666208999889,.0633473240938759,-.03935526687705991,.018214804689360813,-.06626376074941175,.18262593215684983,-.41726943494619173,.02828776441825364
-.03931874762844215,.20503209265411868,.03328999775636516,-.06797377245250662,.043583995869936,.07534183068880224,.15041701163471213,.0023894720514649015,-.04309678580262013,-.2367794633250176
-.15305651149774852,-.020050949881176176,.14673818887536969,.08954279005770367,-.14345190973166905,.06457312990164281,-.19503656506903858,.11478719178522409,-.07112195933629907,.07187153236691185
-.12456343119426598,.10096630604940635,.13172209159854156,-.12041499459069945,.1148517057807198,-.15164632081188456,.1236141474362031,.10644121742013497,.12683304519931884,-.19411655389663113
-.1515102275474464,.11484461661425782,-.3278184574071326,.14488303770119967,-.05469396622382546,.15905105485743048,.09907946803164938,-.21174322245635505,.012781296749701555,-.07426927086129498
.11451504917582866,.06189835431992993,-.06933651341063352,-.24278134907656113,.1451623309914538,.10484345639278934,.044857557039601,.14580803280365617,-.2719816799353979,.11252379080377442
.01695707067163328,-.10745956214620261,.1662920073111228,.17507984605368612,-.435833563351192,-.1486139853957574,-.29819776376872464,.15741371127554155,.1771375544507253,.13357629287023104
.18730805680220367,-.5906416443709277,.20135698299661492,-.006994059788017714,.14567077983298954,.10869422402285699,-.14655050807643974,-.013909559061489166,-.13090278097466707,.14010958877978513
-.23178670996152687,.09808651919507164,.22732863033768175,.22519670822394794,.03432088152504532,-.13633616672664295,-.20030383392581924,.2092711374590166,-.17954229111456207,-.17513363243832086
-.08973709015190795,-.20451494575324983,.134247981952755,.09680604703981874,.059565430312739004,.1326982060924351,.1685161309985194,.10129707646754867,-.20773011421967053,-.14512282767313983
-.08092809748560856,.18464759179116608,.09089383435818502,-.15704693218575883,-.0840922109552571,.05988989253985469,.0030776496140397912,.1192382596641975,-.15305993292157924,-.19378603584765958
-.08937935392555708,.1573492421346211,-.002735115274083716,.128543690565493,.0353505580787781,.1729837628378444,.18087792895228086,-.2536422775225019,-.1359975092265425,-.17285165648518439
-.22026035950615724,.11793157086246174,.06739583787293407,-.0999325149336814,.021990899123894448,-.2997842377058997,.018224110392378586,.08062481607875276,-.00821345440968394,.10795582808386843
.10034812798624583,.06743761697917162,-.1000408607075161,-.05630950247864887,-.10615281837209582,.1605285503728563,-.1633336341491272,.15552718977791521,.019765177915350585,.04241480993337334
-.06261489401591024,.26116887173202247,-.0787482266355401,-.0962024670877231,-.013941563314847416,.1467739344124714,.17053906485201592,-.038104985982995665,-.33145022013503483,.02126816407798236
.15134463060299472,-.26102370786481904,.003211484311039995,.10119922744734942,-.27046959573084384,.17586212474599724,.18020201378528833,-.5509993183964627,.169120478606377,.12881393787144868
-.3134741888658771,.09333614944790654,.09948762404704027,-.06512973561982548,.06563504157204234,.03319341386663642,.0909919545247403,.049274500667028605,.06717401522102465,-.4113832224706276
.024521219590733823,.003135926814632165,.02952249699619106,.18030354374406346,-.13937651041947663,.18655441918896581,-.3064637614153642,.031938687766325025,-.21314683537364612,.17973535083512535
-.08215894849772146,.20330584402745266,.2602062887006431,.1926008466156785,.06569732400099046,-.022501989478160803,.0059165745234661775,.07276009928622935,-.12201088816354817,-.41384824872077036
-.07982283544735091,.19628182790162055,-.11745952873906719,.11972725911852107,.18046558587046038,-.2659983172302941,-.19231498384129794,.18439959201041287,-.17487499733466236,.17572186470637388
.261207155164267,.20389462578533074,.16598076472835563,-.32125151748374264,-.3476460908383318,-.711818547015,.3363833319067182,.25217357967275883,.2826528657848933,-.23840214607949908
-.24994725126426817,-.0843975729617084,.01790434194242195,-.12573935759071164,.002751680504716355,.05631968058198478,.07886034846337746,.2307959454410251,.09110933029944572,-.1771683071831938
-.15521136546072783,.2430101019211476,-.11773700250519212,-.0887006777038399,.20196010951334714,-.29113904622175607,-.3028976856516226,.20355218674253028,.0011530793757832324,.21170673660966674
-.08480328770611141,.029703502188249235,.16694256502394378,.16848340635592793,-.1371691782033659,-.193143768581458,-.09818185754923076,.1836584295249912,.1588144022892565,-.1981603734790425
-.0605231674428673,.146370319510069,.028395577756766207,-.19373287650003246,-.1468002316903093,.1785347294651125,.08654437907707656,.18074283297510754,.06270874436257531,-.18552169343684316
-.19813786427961955,.20684046932241362,.21155883654782934,-.10068515068236164,-.09173986336983593,-.02007470500119794,.2072166919625463,-.047128217846752855,.00801129370886573,-.03266326632175624
-.19539582301334718,.03643652046379145,.11499764749010971,.13221643975894465,-.21449437384197642,.10287925597574693,-.19487047391186946,.08350036322421463,.08610247432349533,-.3952785527774898
.04212910320061419,.016329996945959064,.17568808128952548,.019554372878752967,.18469730951026828,-.04314021583171946,.007677514792345505,.1296527330685459,-.0873153313016852,-.3487409268116121
-.2684214611392167,.16273137491140505,.13443805171405046,.1305535101282341,.06436825844097825,-.056572717567890445,-.18781278074977814,.14489149001459095,.10103559940033745,-.098944770779953
.11097248094385626,.0714483360701817,-.21763880170173794,-.4345364617775177,.166729242687881,-.10835882433840456,-.09666837785944765,.08979726403926516,.17041235490696668,.1718683123715334
-.04737004619280639,.1776261184704701,.17312609668258627,-.16916324499027127,-.09381891620585552,.09698035199329313,.032090181101798156,.0899852132321463,-.06979765506118293,-.07722056972771507
.167143418764558,.21848131147797056,.02298107251923481,-.24700068053227234,.17721739188026847,-.18021498310859393,-.3155400269579637,.18227151778245834,-.19134116029428724,.1401107256036912
.1476916917823604,.17276470660934287,.025268631417228578,.14991535151046392,-.44483501939063225,.059827888909499166,.23223629291234948,.33952184755836906,-.34515473031182436,-.29799818846101367
.13578203076608322,-.18900574161425704,-.032089196217621116,-.11471549759410354,.14257286762589982,.10551579895766099,.13497986350498561,-.2236526077428411,-.17640009164697426,.20104424325294287
-.061274956449031956,.050310099350717716,.023194128229165833,.1471273043504824,-.1838575939725639,-.023211122193718448,-.13746035503388182,.13680074210743617,.15085846448122628,.08423852982497988
.08027907506597275,-.022345479301970474,.15694712461800617,.16931282036642564,-.2387670499238258,.10699200958207215,-.3191494439788306,.1535027966474736,-.22079935951071547,.14418912180214102
-.027205934410361635,.15704145568942313,-.13286484263772114,-.12907489954569304,.03040116156910023,-.20654017919981488,.14092810983418488,.09784106494940988,-.16206359329789924,.009013043533858824
-.29221347990293206,-.11205617111864895,-.18172410653140986,-.1207288978704059,.1825705412087152,.1287780980009392,.08727187305618699,.1540106377296643,.14791740427619376,.10484427489144875
.097612683826112,-.18809486865763636,.08131178788322226,.09633723518619347,-.12015504610122145,.0262394229599056,.145611307868359,.07929402989933847,-.12740789200632976,-.14538616515057193
.07552656702923105,.24639409988350466,-.19306584476661223,-.1727878089568811,-.17156595130315028,.13488139913857602,.16705444985468998,-.27272673424663263,.12375324114499495,.05317476099490839
-.0867868607817408,.2887106288534342,.16323967444633447,.2506841538637755,-.15067872291173007,.24362783606938926,-.2902590116758206,-.10624883963469159,-.21373413790946716,.08652983166493958
-.08420230279652459,.03870564196471829,.04105896004760015,-.005386931568259426,-.01611631476177069,.09421075986527658,.0321413737130078,.07483773027069432,.09198908157442044,-.266272957616284
-.16601065315310637,-.34708791282596024,-.1530100896469196,.1666343182398478,-.3097739686057321,.1707590451289147,.18302706747889574,.07150321751671575,.16540214163234326,.1230365440694164
.044502761607990576,-.022946461836926065,-.006579431724873455,.10468296485058214,.11099215139178122,.10710596088637019,.0904615845993366,.09948081358588924,-.23661335041269643,-.2631497680485547
-.2581939832150668,.08763784463065434,.1217433987942347,-.05439171627846542,.09592737030689256,.06418737281077422,.13055230680902194,-.00019838431400198318,.10777585200380782,-.19879557771676018
-.18212437870795836,.17019075242301793,-.23055594295081433,.15099776821424699,.21529096473512085,.01190314980425694,-.36089759481168887,.12011747422652413,.18543041109221023,.20865284701661144
.0005194926309927485,.1715579828524512,-.31604122175921173,.014194435676173062,.2481520550336083,-.27229942774656934,.05797605693315006,.21909641518519105,.0546846207851222,-.31403129457196616
.1808674417734205,-.21690482703252092,.14199810403284338,-.30814202168721977,.1640772548904654,-.19146441674569098,.17179031984521706,.14628197943451182,-.1795422643116356,.16158024398931264
.05803613148845142,.12460392410054529,.06403074679907594,-.055351970933111935,.13174133059450055,.09642247811809826,-.20997867682294985,.04724270118205473,-.11426686628847099,-.25883611125404565
-.08421550703733105,-.20338743054823,-.12357462700514109,.2595440639979865,-.028307083360433985,.26492178836810343,-.16365406785477027,-.08399840241438379,-.10671273512852826,.23037669816565146
-.12873015542244434,.15974202842402555,.20886005824281814,.21763949380733505,-.12757994875033696,.084266448680717,-.3531879522453952,.19621486187206527,-.06720459118523024,-.08937778146919713
.17920835647085026,-.4231331757804988,.19807899131375434,.07707217042382587,.14043999935599366,-.427166607328472,.050558607259211436,.18130018561773803,-.10743001827290313,.15942281569987599
.09192173113403063,-.06875179154747775,.18456981720903962,.19395538427543532,-.2731673218739584,-.15826256231486965,-.2575228280017964,.17309035484726187,.22622546312767985,-.1335347978637321
.08423696819187021,-.2676542024914548,.10345839612939141,-.10170243539052572,-.036376192255496646,.27682256436767505,-.035180675809162794,-.1523982688938764,.025526993088905367,.1113741524364544
-.1078109019792461,.07469544383998383,-.19938064145317347,.09764083545271694,.24911861999167648,.21840216205158217,-.32295100083694966,.2362313957440296,-.2942740055105751,.23115677300444837
.16555572756507891,-.24455659328882348,.12846838147595493,.10182919000143495,-.08113663687303602,.16314341826547202,-.34563971000121374,.16712982371323537,-.19981269233118523,.1465117911246715
.03566293814419119,-.1556735990722014,.18027900842304684,-.15718392077103782,.09692124841723794,.24977594029192393,.014851761453392454,.45564671816234187,-.21937432484650685,-.35149919849951977
.14591036597397794,.14079266204575683,.1407217178745803,.11353015882211408,-.11613450877357441,-.3123149103487812,-.00821673961853436,.13273753828033438,.16027176197296025,-.28886830094825927
-.15717751521039003,-.011022564983038406,.0817485601132502,.10135011905001744,.15329367435434046,-.15751511228768994,.11851643155595952,.20396504388259326,-.08708438776711,.20359625270071854
-.2553559710365975,.05342530337826062,-.41001531909578537,.14807595496716525,.21766277731593914,.1763700081758483,-.13985615126356826,-.24055914056695443,.20602430389072296,.2109234401858905
-.08719799096221714,-.18428911129582431,.07487221211934317,.2633099566859623,-.08715454301480836,.24039267851835866,-.10503676806683399,-.18936615310242394,-.11489543265843438,.21613262750863563
.08051582844202987,.1341596388931712,-.060642338967332184,.06922125178982576,.0006774706655626293,-.4703265502047752,-.16447376043792925,.1006689311488587,.10915665502177786,.11406916404377486
-.07243024914327487,-.030587704787146206,.05433234863087848,.26043820102894516,-.12729815975909567,-.2985569642425192,.07037598639405566,-.11780327085474558,.027153411659785635,.18938215767826033
-.1398867255018425,-.15713242456003845,-.08672172800062952,-.1815631903978756,.15764072149952166,.07299733378280253,.10141188192003274,.04621948684969407,-.20578874413303003,.1424187969095224
-.20720470813068753,.2730815064618155,-.14052075095970812,.2364311016016293,-.14809644324594182,.25067477111862685,-.28761733910795356,-.07874408151656521,-.22690878563624786,.16838756612452993
-.07012496302484919,.04566140199149837,.15212196386178448,-.08142831044509423,.14968241769934393,-.042836789781170184,-.10050959382862087,.16542402750404234,-.08444072552294339,-.003951477727350885
.09826282693359954,.2000669343121954,-.09513232496852318,-.18603128387580237,.16607879285144847,-.006208203074163169,.005589598285750446,.17637927443011403,-.2346559567190248,-.051513770860428666
.13850624524726923,-.04280837848086648,.06070930440375747,.04630601812464671,.13078918736309766,-.07911805618774569,.13408937767803866,-.10400410476854675,-.40764566462922425,.1105209085554462
.04211502393043664,-.1920600169057932,.2005831338607998,-.004516472499730322,.17674875905598375,.08451904118524464,-.12102682398662516,.04909855245963026,-.10783515274561818,.17743564900682215
-.39762033691346726,.23480436595425186,-.16449489655729246,.14022646949899312,-.1012389071069485,.15192818727065063,.016225467303274888,.0888818162660805,-.03917772358246357,-.08047614100131135
.002430849152787348,.08905198770468463,-.026990593537146532,.12473102825118623,.1396183021022172,.03742787767895224,.005850734474195565,.18725217327979984,-.15291205588814127,-.18028785310262577
.0798441213894784,.02040233202442413,-.12236156794534418,-.2665120314020876,.21374061032956715,.11004181414919818,-.14606522760967058,.19424155357773898,-.2307048862301899,.2322330030056191
-.01425629696062773,-.05895178216467607,.05895392716930353,-.020621934414738387,.09004018470059369,.03131011416751909,.07793136049259701,.07868035824689924,.05645886286169406,-.3510751703700498
-.1580489984458504,.05717709136075001,.08217345551892945,-.1512391933245312,.0638552964723109,-.025972213630991385,.08936349327505978,.05309103259980428,.1040480060224571,-.12212661387431653
-.06302364681517218,.20291511124837294,-.010580632341064312,-.08129019886600901,-.053994768190378274,.04677371237530952,.030394130624860426,.05283007073907673,-.08939537621943819,-.0400493848800371
-.1213317777440406,-.33468847625599707,-.010921520809571,.07401535367985372,.06841762620189268,.11307147396360151,-.2932604641849248,.12446491945154511,.1441783674505578,.13557351901977793
.11271160109730151,.1234458292742262,-.450845095486049,-.17733726735931973,.13250487306230987,-.06796514505678108,-.009154943727367216,-.0016282449432711897,.001739313861005434,.13890970639422381
-.1521844211173866,.08155363166139112,.14111527812519808,.052115399430416806,.027079333005721153,.08963813452202377,.06341846779534834,.10387063087769904,.1273526192610184,-.44666125112405936
-.09439095110581305,-.02721135359746736,.10350876624019685,-.0810152172811873,.15449425205735584,.01149907955709807,.11836097911076567,.16114420667041787,-.14027662959936987,-.2550343587145478
-.030852894300813203,-.07601991879735337,-.07554080352805323,.0649141485446439,.008760223715665181,.18898135890817946,.18104758875994797,-.09021708863375438,-.07945281690028097,.016621413302401175
-.18725022560388177,.12537242870943122,.0003116711145196032,.157136884785004,-.0018329652977027294,-.057183844338280346,-.19182066853046717,.15389950322569,-.008417355435274254,-.07791028590083941
-.24925410438866274,.0833660632753786,.0726914664797607,.185749276701842,-.2284637429716949,-.020230814427085454,-.42304649844605324,.15995737337296617,.15131947458735429,.1887759824881496
.16558101848499457,-.2479466281324891,.06304545363482747,-.08077975555580935,.006920994528743448,.19087970459390213,-.11783857417757353,.1901403354114688,-.16723400622905565,.12888025515224227
.07814782349607731,-.06934757454790162,.06332291041235986,.10128156653211981,.17831691374857148,-.050236677345718864,.1414708394242171,-.15761944616232362,-.11710695085423196,-.19653010660988385
.44445541598770943,.14077265202633568,.29038488879011004,-.7479540456204844,.23905345405563938,-1.3057367741272463,.4140355065909628,-.023347038425114954,-.1970434788994921,.5762409411951848
.18580328677228733,.07496356961538078,.14650913920401942,.09593207796697661,-.25439697673003303,.15824440008809298,.19552736292191755,-.3137465773987494,.1706291391130811,-.3235536864398558
.1301207670887809,-.049782539357326544,.11061268275310739,-.051410086503570276,-.17028583004354772,-.08807953518390742,.054780395800261415,-.07757452984790485,-.009911880961397208,.007072445662538763
-.25630995079114977,.15942973023888513,.16661641622319512,-.09570573597545264,.07823642150719476,.03104416010922968,.1576267963717352,.01448411973050642,.025313594521752966,-.15987605298327706
.12703546059518458,.0876204678111435,.09316874866862775,-.008353003386270763,.044100785684250014,-.1674005032812772,.10728138728222815,-.1537084488337494,-.1384296528314385,.05334834534898858
-.07261944106956277,.10713407613863785,.09461521064810206,-.09891485809300384,.1628901114490685,.05840644716550295,.14250119773567063,-.09526414927712169,-.14027819959198964,-.1821861916024211
.1431385488969677,-.022800001573387078,-.011749661679016806,.06347303866878304,.08421927155326057,-.0037883232420582377,.12071061807442447,-.19849301031439756,-.09592016474165985,-.08050252336195227
.054427684898785994,-.21189113024948095,-.03609748304479311,-.08304862165283558,.07824080468790938,.14057551318233566,.13078130715390784,.13274447188266872,.020499208759890173,-.2442042962974753
-.06390428988418259,.161864404287287,.07385104505576479,.1269007190682628,.08832433060137562,-.5105852763286461,-.098457655813463,.18276727380144378,-.06610544673930749,.06021337949699613
-.11845892537883272,.23519852431560162,.05757459916176041,-.08738035384573363,.02832672270566985,.0026653338531995256,.05491926356732865,.13059852943487832,-.06976235026062882,-.20047558522412906
-.05365498280496597,.12278617390265983,-.11972167489852248,.06791490398220364,.19065674450188325,.031322492666981644,-.0982393466033446,.11726231817972331,-.1408628114611262,-.12247316493758045
-.1491711919795329,.14112935838204926,.18322592028920315,-.06205621528110267,.20923689860675188,.09185514755202841,-.05053673800283953,.17339751840570608,-.3475958929685315,-.1748660493837815
